{
  "sents_p": 0.9261261261,
  "sents_r": 0.9458426719,
  "sents_f": 0.9220932732,
  "tag_acc": 0.8893952152,
  "ents_p": 0.8812732388,
  "ents_r": 0.8815854211,
  "ents_f": 0.8814293023,
  "ents_per_type": {
    "ORG": {
      "p": 0.0,
      "r": 0.0,
      "f": 0.0
    },
    "LOC": {
      "p": 0.0,
      "r": 0.0,
      "f": 0.0
    },
    "PER": {
      "p": 0.0,
      "r": 0.0,
      "f": 0.0
    },
    "MISC": {
      "p": 0.0,
      "r": 0.0,
      "f": 0.0
    }
  },
  "speed": 10873.1130797473,
  "token_acc": 1.0,
  "token_p": 0.9988117635,
  "token_r": 0.9995045581,
  "token_f": 0.9991580407,
  "pos_acc": 0.963792164,
  "morph_acc": 0.949626034,
  "morph_micro_p": 0.9762682004,
  "morph_micro_r": 0.9707852432,
  "morph_micro_f": 0.9735190017,
  "morph_per_feat": {
    "Mood": {
      "p": 0.9682151589,
      "r": 0.9576783555,
      "f": 0.9629179331
    },
    "Number": {
      "p": 0.9906117978,
      "r": 0.9859834917,
      "f": 0.988292226
    },
    "Person": {
      "p": 0.9678456592,
      "r": 0.9637139808,
      "f": 0.9657754011
    },
    "Tense": {
      "p": 0.9205128205,
      "r": 0.9447368421,
      "f": 0.9324675325
    },
    "VerbForm": {
      "p": 0.9681782021,
      "r": 0.9643423138,
      "f": 0.966256451
    },
    "Gender": {
      "p": 0.9628842065,
      "r": 0.9525721935,
      "f": 0.9577004422
    },
    "PronType": {
      "p": 0.9885416667,
      "r": 0.980878553,
      "f": 0.984695201
    },
    "Definite": {
      "p": 0.9966032609,
      "r": 0.993902439,
      "f": 0.9952510176
    },
    "NumType": {
      "p": 0.9735973597,
      "r": 0.9672131148,
      "f": 0.9703947368
    },
    "Voice": {
      "p": 0.9411764706,
      "r": 0.9302325581,
      "f": 0.9356725146
    },
    "Polarity": {
      "p": 1.0,
      "r": 1.0,
      "f": 1.0
    },
    "Case": {
      "p": 0.9157894737,
      "r": 0.887755102,
      "f": 0.9015544041
    }
  },
  "dep_uas": 0.8903738695,
  "dep_las": 0.8452099775,
  "dep_las_per_type": {
    "cop": {
      "p": 0.8516129032,
      "r": 0.9361702128,
      "f": 0.8918918919
    },
    "root": {
      "p": 0.9153153153,
      "r": 0.9071428571,
      "f": 0.9112107623
    },
    "det": {
      "p": 0.9625550661,
      "r": 0.9593852909,
      "f": 0.9609675646
    },
    "amod": {
      "p": 0.9207920792,
      "r": 0.9073170732,
      "f": 0.914004914
    },
    "nsubj": {
      "p": 0.8727915194,
      "r": 0.8621291449,
      "f": 0.867427568
    },
    "case": {
      "p": 0.9694850604,
      "r": 0.9731971921,
      "f": 0.9713375796
    },
    "nmod": {
      "p": 0.7945945946,
      "r": 0.8184855234,
      "f": 0.8063631377
    },
    "flat:name": {
      "p": 0.8487972509,
      "r": 0.8981818182,
      "f": 0.8727915194
    },
    "acl": {
      "p": 0.6635514019,
      "r": 0.6120689655,
      "f": 0.6367713004
    },
    "advmod": {
      "p": 0.790368272,
      "r": 0.7926136364,
      "f": 0.7914893617
    },
    "obl": {
      "p": 0.6285140562,
      "r": 0.6440329218,
      "f": 0.6361788618
    },
    "conj": {
      "p": 0.6090225564,
      "r": 0.5977859779,
      "f": 0.6033519553
    },
    "cc": {
      "p": 0.8841201717,
      "r": 0.8956521739,
      "f": 0.8898488121
    },
    "obj": {
      "p": 0.8357289528,
      "r": 0.7842003854,
      "f": 0.8091451292
    },
    "obl:agent": {
      "p": 0.7105263158,
      "r": 0.9,
      "f": 0.7941176471
    },
    "acl:relcl": {
      "p": 0.691588785,
      "r": 0.6981132075,
      "f": 0.6948356808
    },
    "mark": {
      "p": 0.8509615385,
      "r": 0.8271028037,
      "f": 0.8388625592
    },
    "advcl": {
      "p": 0.5581395349,
      "r": 0.6428571429,
      "f": 0.5975103734
    },
    "xcomp": {
      "p": 0.7716535433,
      "r": 0.784,
      "f": 0.7777777778
    },
    "iobj": {
      "p": 0.6666666667,
      "r": 0.1818181818,
      "f": 0.2857142857
    },
    "appos": {
      "p": 0.5602409639,
      "r": 0.5670731707,
      "f": 0.5636363636
    },
    "fixed": {
      "p": 0.7647058824,
      "r": 0.6964285714,
      "f": 0.7289719626
    },
    "nummod": {
      "p": 0.9607843137,
      "r": 0.9423076923,
      "f": 0.9514563107
    },
    "aux": {
      "p": 0.953125,
      "r": 0.9838709677,
      "f": 0.9682539683
    },
    "csubj": {
      "p": 0.375,
      "r": 0.375,
      "f": 0.375
    },
    "ccomp": {
      "p": 0.6666666667,
      "r": 0.6,
      "f": 0.6315789474
    },
    "orphan": {
      "p": 0.0,
      "r": 0.0,
      "f": 0.0
    },
    "flat": {
      "p": 1.0,
      "r": 1.0,
      "f": 1.0
    },
    "aux:pass": {
      "p": 0.9848484848,
      "r": 0.9558823529,
      "f": 0.9701492537
    },
    "nsubj:pass": {
      "p": 0.8653846154,
      "r": 0.8333333333,
      "f": 0.8490566038
    },
    "parataxis": {
      "p": 0.4363636364,
      "r": 0.338028169,
      "f": 0.380952381
    },
    "list": {
      "p": 0.0,
      "r": 0.0,
      "f": 0.0
    },
    "dep": {
      "p": 0.0,
      "r": 0.0,
      "f": 0.0
    },
    "expl": {
      "p": 0.75,
      "r": 0.9473684211,
      "f": 0.8372093023
    },
    "compound": {
      "p": 0.6666666667,
      "r": 0.4,
      "f": 0.5
    },
    "vocative": {
      "p": 0.0,
      "r": 0.0,
      "f": 0.0
    },
    "discourse": {
      "p": 0.0,
      "r": 0.0,
      "f": 0.0
    },
    "expl:pass": {
      "p": 0.0,
      "r": 0.0,
      "f": 0.0
    },
    "flat:foreign": {
      "p": 0.0,
      "r": 0.0,
      "f": 0.0
    }
  },
  "lemma_acc": 0.9691446684
}